{"image_mean": [775.2290211032589, 1080.992780391705, 1228.5855250417867, 2497.2022620507532], "image_standard_deviation": [1281.526139861424, 1270.0297974547493, 1399.4802505642526, 1368.3446143747644], "bands": ["B02", "B03", "B04", "B05", "B06", "B07"], "train_indices": [["chip_004_042", ["2021069", "2021129", "2021254"], 0, 0], ["chip_072_017", ["2021063", "2021166", "2021268"], 0, 0], ["chip_031_046", ["2021061", "2021101", "2021236"], 0, 0], ["chip_014_014", ["2021069", "2021169", "2021244"], 0, 0], ["chip_026_009", ["2021109", "2021194", "2021249"], 0, 0]], "val_indices": [["chip_001_046", ["2021077", "2021097", "2021272"], 0, 0], ["chip_038_011", ["2021074", "2021219", "2021254"], 0, 0], ["chip_021_004", ["2021109", "2021194", "2021249"], 0, 0], ["chip_074_024", ["2021063", "2021166", "2021268"], 0, 0], ["chip_062_066", ["2021063", "2021103", "2021253"], 0, 0]]}