{"image_mean": [775.2290211032589, 1080.992780391705, 1228.5855250417867, 2497.2022620507532], "image_standard_deviation": [1281.526139861424, 1270.0297974547493, 1399.4802505642526, 1368.3446143747644], "bands": ["B02", "B03", "B04", "B08"], "train_indices": [["chip_026_029", ["2021074", "2021149", "2021254"], 0, 0], ["chip_002_057", ["2021079", "2021234", "2021244"], 0, 0], ["chip_049_059", ["2021061", "2021101", "2021126"], 0, 0], ["chip_030_002", ["2021109", "2021194", "2021249"], 0, 0], ["chip_060_035", ["2021101", "2021126", "2021166"], 0, 0]], "val_indices": [["chip_043_015", ["2021061", "2021126", "2021171"], 0, 0], ["chip_020_053", ["2021079", "2021234", "2021244"], 0, 0], ["chip_056_026", ["2021101", "2021166", "2021236"], 0, 0], ["chip_013_062", ["2021079", "2021234", "2021244"], 0, 0], ["chip_042_041", ["2021061", "2021111", "2021206"], 0, 0]]}