{"train_indices": [["T15SVA", ["2021061", "2021101", "2021236"], 0, 0],  ["T15SVA", ["2021061", "2021101", "2021236"], 0, 224],  ["T15SVA", ["2021061", "2021101", "2021236"], 0, 448],  ["T15SVA", ["2021061", "2021101", "2021236"], 0, 672],  ["T15SVA", ["2021061", "2021101", "2021236"], 0, 896]], "val_indices": [["T15SVA", ["2021061", "2021101", "2021236"], 224, 0],  ["T15SVA", ["2021061", "2021101", "2021236"], 448, 0],  ["T15SVA", ["2021061", "2021101", "2021236"], 672, 0],  ["T15SVA", ["2021061", "2021101", "2021236"], 896, 0],  ["T15SVA", ["2021061", "2021101", "2021236"], 1120, 0]], "image_mean": [775.2290211032589, 1080.992780391705, 1228.5855250417867, 2497.2022620507532, 2204.2139147975554, 1610.8324823273745], "image_standard_deviation": [1281.526139861424, 1270.0297974547493, 1399.4802505642526, 1368.3446143747644, 1291.6764008585435, 1154.505683480695], "bands": ["B02", "B03", "B04", "B8A", "B11", "B12"]}